Filename,InceptionV3_Predictions
akiec/ISIC_0024517.jpg,bcc
akiec/ISIC_0024579.jpg,akiec
akiec/ISIC_0024771.jpg,akiec
akiec/ISIC_0025712.jpg,akiec
akiec/ISIC_0026388.jpg,akiec
akiec/ISIC_0026549.jpg,akiec
akiec/ISIC_0026848.jpg,akiec
akiec/ISIC_0027753.jpg,akiec
akiec/ISIC_0027802.jpg,akiec
akiec/ISIC_0029582.jpg,nv
akiec/ISIC_0030143.jpg,akiec
akiec/ISIC_0030344.jpg,akiec
akiec/ISIC_0030549.jpg,bcc
akiec/ISIC_0030714.jpg,akiec
akiec/ISIC_0031421.jpg,akiec
akiec/ISIC_0031570.jpg,akiec
akiec/ISIC_0032203.jpg,akiec
akiec/ISIC_0032397.jpg,nv
akiec/ISIC_0033536.jpg,akiec
akiec/ISIC_0033866.jpg,akiec
akiec/ISIC_0033869.jpg,akiec
bcc/ISIC_0024572.jpg,bcc
bcc/ISIC_0024665.jpg,bcc
bcc/ISIC_0025467.jpg,bcc
bcc/ISIC_0026275.jpg,bcc
bcc/ISIC_0026574.jpg,bcc
bcc/ISIC_0026668.jpg,bcc
bcc/ISIC_0027425.jpg,bcc
bcc/ISIC_0028059.jpg,bcc
bcc/ISIC_0028556.jpg,bcc
bcc/ISIC_0028570.jpg,bcc
bcc/ISIC_0028583.jpg,bcc
bcc/ISIC_0028937.jpg,bkl
bcc/ISIC_0028964.jpg,bcc
bcc/ISIC_0029263.jpg,bcc
bcc/ISIC_0029342.jpg,bcc
bcc/ISIC_0029372.jpg,bcc
bcc/ISIC_0029856.jpg,bcc
bcc/ISIC_0030096.jpg,bcc
bcc/ISIC_0030271.jpg,bcc
bcc/ISIC_0030335.jpg,bcc
bcc/ISIC_0030813.jpg,bcc
bcc/ISIC_0031245.jpg,bcc
bcc/ISIC_0031400.jpg,bcc
bcc/ISIC_0031442.jpg,bcc
bcc/ISIC_0031640.jpg,bcc
bcc/ISIC_0032092.jpg,bcc
bcc/ISIC_0032132.jpg,bcc
bcc/ISIC_0032429.jpg,bcc
bcc/ISIC_0032777.jpg,bcc
bcc/ISIC_0032894.jpg,bcc
bcc/ISIC_0033354.jpg,bcc
bcc/ISIC_0033551.jpg,bcc
bcc/ISIC_0034160.jpg,bcc
bkl/ISIC_0024336.jpg,bkl
bkl/ISIC_0024477.jpg,bkl
bkl/ISIC_0024672.jpg,bkl
bkl/ISIC_0024814.jpg,bkl
bkl/ISIC_0025113.jpg,bkl
bkl/ISIC_0025140.jpg,bkl
bkl/ISIC_0025209.jpg,bkl
bkl/ISIC_0025387.jpg,bkl
bkl/ISIC_0025392.jpg,bkl
bkl/ISIC_0025567.jpg,bkl
bkl/ISIC_0025699.jpg,nv
bkl/ISIC_0025767.jpg,bkl
bkl/ISIC_0025819.jpg,bkl
bkl/ISIC_0026018.jpg,nv
bkl/ISIC_0026301.jpg,mel
bkl/ISIC_0026441.jpg,bkl
bkl/ISIC_0026526.jpg,bkl
bkl/ISIC_0026576.jpg,bkl
bkl/ISIC_0026590.jpg,bkl
bkl/ISIC_0027025.jpg,bkl
bkl/ISIC_0027202.jpg,bkl
bkl/ISIC_0027219.jpg,bkl
bkl/ISIC_0027279.jpg,bkl
bkl/ISIC_0027367.jpg,bkl
bkl/ISIC_0027649.jpg,nv
bkl/ISIC_0028165.jpg,bkl
bkl/ISIC_0028229.jpg,bkl
bkl/ISIC_0028331.jpg,bkl
bkl/ISIC_0028411.jpg,bkl
bkl/ISIC_0028473.jpg,bkl
bkl/ISIC_0028511.jpg,bkl
bkl/ISIC_0028656.jpg,nv
bkl/ISIC_0028750.jpg,bkl
bkl/ISIC_0028876.jpg,bkl
bkl/ISIC_0029014.jpg,bkl
bkl/ISIC_0029032.jpg,bkl
bkl/ISIC_0029102.jpg,bkl
bkl/ISIC_0029166.jpg,bkl
bkl/ISIC_0029311.jpg,bkl
bkl/ISIC_0029358.jpg,mel
bkl/ISIC_0029474.jpg,bkl
bkl/ISIC_0029568.jpg,bkl
bkl/ISIC_0029880.jpg,bkl
bkl/ISIC_0030207.jpg,bkl
bkl/ISIC_0030226.jpg,bkl
bkl/ISIC_0030276.jpg,bkl
bkl/ISIC_0030801.jpg,bkl
bkl/ISIC_0030976.jpg,bkl
bkl/ISIC_0031016.jpg,bkl
bkl/ISIC_0031334.jpg,bkl
bkl/ISIC_0031619.jpg,bkl
bkl/ISIC_0031770.jpg,bkl
bkl/ISIC_0031987.jpg,bkl
bkl/ISIC_0032063.jpg,bkl
bkl/ISIC_0032249.jpg,bkl
bkl/ISIC_0032271.jpg,bkl
bkl/ISIC_0032304.jpg,bkl
bkl/ISIC_0032534.jpg,bkl
bkl/ISIC_0032618.jpg,bkl
bkl/ISIC_0032776.jpg,bkl
bkl/ISIC_0033482.jpg,bkl
bkl/ISIC_0033531.jpg,bkl
bkl/ISIC_0033601.jpg,bkl
bkl/ISIC_0033736.jpg,bkl
bkl/ISIC_0033778.jpg,bkl
bkl/ISIC_0033783.jpg,bkl
bkl/ISIC_0033784.jpg,bkl
bkl/ISIC_0033829.jpg,bkl
bkl/ISIC_0033865.jpg,bkl
bkl/ISIC_0034280.jpg,bkl
df/ISIC_0024396.jpg,df
df/ISIC_0027727.jpg,df
df/ISIC_0029130.jpg,df
df/ISIC_0029962.jpg,bkl
df/ISIC_0031271.jpg,df
df/ISIC_0031799.jpg,df
df/ISIC_0032941.jpg,df
mel/ISIC_0024739.jpg,mel
mel/ISIC_0024898.jpg,mel
mel/ISIC_0024961.jpg,mel
mel/ISIC_0025121.jpg,mel
mel/ISIC_0025748.jpg,mel
mel/ISIC_0025904.jpg,mel
mel/ISIC_0026239.jpg,mel
mel/ISIC_0026296.jpg,mel
mel/ISIC_0026438.jpg,mel
mel/ISIC_0026664.jpg,mel
mel/ISIC_0026738.jpg,mel
mel/ISIC_0026745.jpg,mel
mel/ISIC_0026868.jpg,mel
mel/ISIC_0027063.jpg,mel
mel/ISIC_0027100.jpg,mel
mel/ISIC_0027125.jpg,mel
mel/ISIC_0027387.jpg,mel
mel/ISIC_0027693.jpg,mel
mel/ISIC_0027721.jpg,mel
mel/ISIC_0028211.jpg,mel
mel/ISIC_0028228.jpg,mel
mel/ISIC_0028445.jpg,mel
mel/ISIC_0028493.jpg,nv
mel/ISIC_0028655.jpg,mel
mel/ISIC_0029033.jpg,mel
mel/ISIC_0029163.jpg,mel
mel/ISIC_0029512.jpg,mel
mel/ISIC_0029558.jpg,mel
mel/ISIC_0029570.jpg,mel
mel/ISIC_0029914.jpg,mel
mel/ISIC_0030417.jpg,akiec
mel/ISIC_0030575.jpg,nv
mel/ISIC_0030951.jpg,mel
mel/ISIC_0031239.jpg,mel
mel/ISIC_0031401.jpg,mel
mel/ISIC_0031550.jpg,mel
mel/ISIC_0031741.jpg,mel
mel/ISIC_0031746.jpg,mel
mel/ISIC_0031779.jpg,mel
mel/ISIC_0031844.jpg,mel
mel/ISIC_0031972.jpg,mel
mel/ISIC_0032095.jpg,mel
mel/ISIC_0032134.jpg,mel
mel/ISIC_0032152.jpg,mel
mel/ISIC_0032645.jpg,mel
mel/ISIC_0032685.jpg,mel
mel/ISIC_0032807.jpg,mel
mel/ISIC_0032856.jpg,mel
mel/ISIC_0032915.jpg,mel
mel/ISIC_0033027.jpg,mel
mel/ISIC_0033037.jpg,mel
mel/ISIC_0033050.jpg,mel
mel/ISIC_0033068.jpg,mel
mel/ISIC_0033178.jpg,mel
mel/ISIC_0033180.jpg,mel
mel/ISIC_0033239.jpg,mel
mel/ISIC_0033325.jpg,mel
mel/ISIC_0033428.jpg,mel
mel/ISIC_0033526.jpg,mel
mel/ISIC_0033619.jpg,mel
mel/ISIC_0033636.jpg,mel
mel/ISIC_0033654.jpg,nv
mel/ISIC_0033754.jpg,mel
mel/ISIC_0033981.jpg,mel
mel/ISIC_0034074.jpg,mel
mel/ISIC_0034100.jpg,mel
mel/ISIC_0034145.jpg,mel
mel/ISIC_0034180.jpg,mel
mel/ISIC_0034183.jpg,mel
mel/ISIC_0034246.jpg,mel
mel/ISIC_0034263.jpg,mel
nv/ISIC_0024342.jpg,nv
nv/ISIC_0024354.jpg,nv
nv/ISIC_0024395.jpg,nv
nv/ISIC_0024399.jpg,nv
nv/ISIC_0024423.jpg,nv
nv/ISIC_0024451.jpg,nv
nv/ISIC_0024491.jpg,nv
nv/ISIC_0024534.jpg,nv
nv/ISIC_0024558.jpg,nv
nv/ISIC_0024594.jpg,nv
nv/ISIC_0024629.jpg,nv
nv/ISIC_0024642.jpg,nv
nv/ISIC_0024668.jpg,nv
nv/ISIC_0024680.jpg,nv
nv/ISIC_0024693.jpg,nv
nv/ISIC_0024704.jpg,nv
nv/ISIC_0024755.jpg,nv
nv/ISIC_0024965.jpg,nv
nv/ISIC_0024988.jpg,nv
nv/ISIC_0025004.jpg,nv
nv/ISIC_0025044.jpg,nv
nv/ISIC_0025057.jpg,nv
nv/ISIC_0025058.jpg,nv
nv/ISIC_0025114.jpg,nv
nv/ISIC_0025138.jpg,nv
nv/ISIC_0025161.jpg,nv
nv/ISIC_0025169.jpg,nv
nv/ISIC_0025177.jpg,nv
nv/ISIC_0025185.jpg,nv
nv/ISIC_0025202.jpg,nv
nv/ISIC_0025230.jpg,nv
nv/ISIC_0025289.jpg,nv
nv/ISIC_0025294.jpg,nv
nv/ISIC_0025323.jpg,nv
nv/ISIC_0025342.jpg,nv
nv/ISIC_0025361.jpg,nv
nv/ISIC_0025397.jpg,nv
nv/ISIC_0025406.jpg,nv
nv/ISIC_0025438.jpg,nv
nv/ISIC_0025442.jpg,nv
nv/ISIC_0025458.jpg,nv
nv/ISIC_0025483.jpg,nv
nv/ISIC_0025540.jpg,nv
nv/ISIC_0025593.jpg,nv
nv/ISIC_0025608.jpg,nv
nv/ISIC_0025621.jpg,nv
nv/ISIC_0025629.jpg,nv
nv/ISIC_0025675.jpg,nv
nv/ISIC_0025681.jpg,nv
nv/ISIC_0025690.jpg,nv
nv/ISIC_0025704.jpg,nv
nv/ISIC_0025721.jpg,nv
nv/ISIC_0025736.jpg,nv
nv/ISIC_0025761.jpg,nv
nv/ISIC_0025782.jpg,nv
nv/ISIC_0025809.jpg,nv
nv/ISIC_0025821.jpg,nv
nv/ISIC_0025843.jpg,nv
nv/ISIC_0025848.jpg,nv
nv/ISIC_0025864.jpg,nv
nv/ISIC_0025887.jpg,nv
nv/ISIC_0025898.jpg,nv
nv/ISIC_0025900.jpg,nv
nv/ISIC_0025901.jpg,nv
nv/ISIC_0025935.jpg,nv
nv/ISIC_0025952.jpg,nv
nv/ISIC_0025962.jpg,nv
nv/ISIC_0025976.jpg,nv
nv/ISIC_0025983.jpg,nv
nv/ISIC_0026025.jpg,nv
nv/ISIC_0026030.jpg,nv
nv/ISIC_0026031.jpg,nv
nv/ISIC_0026051.jpg,nv
nv/ISIC_0026053.jpg,nv
nv/ISIC_0026062.jpg,nv
nv/ISIC_0026108.jpg,nv
nv/ISIC_0026114.jpg,nv
nv/ISIC_0026144.jpg,nv
nv/ISIC_0026170.jpg,nv
nv/ISIC_0026208.jpg,nv
nv/ISIC_0026250.jpg,nv
nv/ISIC_0026294.jpg,nv
nv/ISIC_0026452.jpg,nv
nv/ISIC_0026483.jpg,nv
nv/ISIC_0026499.jpg,nv
nv/ISIC_0026518.jpg,nv
nv/ISIC_0026548.jpg,nv
nv/ISIC_0026551.jpg,nv
nv/ISIC_0026557.jpg,nv
nv/ISIC_0026642.jpg,nv
nv/ISIC_0026648.jpg,nv
nv/ISIC_0026654.jpg,nv
nv/ISIC_0026700.jpg,nv
nv/ISIC_0026721.jpg,nv
nv/ISIC_0026733.jpg,nv
nv/ISIC_0026751.jpg,nv
nv/ISIC_0026779.jpg,nv
nv/ISIC_0026800.jpg,nv
nv/ISIC_0026807.jpg,nv
nv/ISIC_0026834.jpg,nv
nv/ISIC_0026840.jpg,nv
nv/ISIC_0026889.jpg,nv
nv/ISIC_0026921.jpg,nv
nv/ISIC_0026939.jpg,nv
nv/ISIC_0026944.jpg,nv
nv/ISIC_0026972.jpg,nv
nv/ISIC_0026999.jpg,nv
nv/ISIC_0027000.jpg,nv
nv/ISIC_0027013.jpg,nv
nv/ISIC_0027015.jpg,nv
nv/ISIC_0027039.jpg,nv
nv/ISIC_0027061.jpg,nv
nv/ISIC_0027092.jpg,nv
nv/ISIC_0027104.jpg,nv
nv/ISIC_0027114.jpg,nv
nv/ISIC_0027131.jpg,nv
nv/ISIC_0027132.jpg,nv
nv/ISIC_0027228.jpg,nv
nv/ISIC_0027258.jpg,nv
nv/ISIC_0027280.jpg,nv
nv/ISIC_0027292.jpg,nv
nv/ISIC_0027301.jpg,nv
nv/ISIC_0027308.jpg,nv
nv/ISIC_0027321.jpg,nv
nv/ISIC_0027333.jpg,nv
nv/ISIC_0027351.jpg,nv
nv/ISIC_0027390.jpg,nv
nv/ISIC_0027415.jpg,nv
nv/ISIC_0027430.jpg,nv
nv/ISIC_0027446.jpg,nv
nv/ISIC_0027472.jpg,nv
nv/ISIC_0027476.jpg,nv
nv/ISIC_0027481.jpg,nv
nv/ISIC_0027483.jpg,nv
nv/ISIC_0027500.jpg,nv
nv/ISIC_0027540.jpg,nv
nv/ISIC_0027547.jpg,nv
nv/ISIC_0027553.jpg,nv
nv/ISIC_0027556.jpg,nv
nv/ISIC_0027639.jpg,nv
nv/ISIC_0027724.jpg,nv
nv/ISIC_0027732.jpg,nv
nv/ISIC_0027764.jpg,nv
nv/ISIC_0027784.jpg,nv
nv/ISIC_0027785.jpg,nv
nv/ISIC_0027809.jpg,nv
nv/ISIC_0027823.jpg,nv
nv/ISIC_0027824.jpg,nv
nv/ISIC_0027849.jpg,nv
nv/ISIC_0027873.jpg,nv
nv/ISIC_0027880.jpg,nv
nv/ISIC_0027892.jpg,nv
nv/ISIC_0027898.jpg,nv
nv/ISIC_0027933.jpg,nv
nv/ISIC_0027949.jpg,nv
nv/ISIC_0027955.jpg,nv
nv/ISIC_0028015.jpg,nv
nv/ISIC_0028040.jpg,nv
nv/ISIC_0028044.jpg,nv
nv/ISIC_0028048.jpg,nv
nv/ISIC_0028112.jpg,nv
nv/ISIC_0028125.jpg,nv
nv/ISIC_0028160.jpg,nv
nv/ISIC_0028170.jpg,nv
nv/ISIC_0028192.jpg,nv
nv/ISIC_0028217.jpg,nv
nv/ISIC_0028247.jpg,nv
nv/ISIC_0028270.jpg,nv
nv/ISIC_0028310.jpg,nv
nv/ISIC_0028321.jpg,nv
nv/ISIC_0028327.jpg,nv
nv/ISIC_0028368.jpg,nv
nv/ISIC_0028403.jpg,nv
nv/ISIC_0028424.jpg,nv
nv/ISIC_0028438.jpg,nv
nv/ISIC_0028440.jpg,nv
nv/ISIC_0028521.jpg,nv
nv/ISIC_0028572.jpg,nv
nv/ISIC_0028578.jpg,nv
nv/ISIC_0028676.jpg,nv
nv/ISIC_0028686.jpg,nv
nv/ISIC_0028741.jpg,nv
nv/ISIC_0028782.jpg,nv
nv/ISIC_0028785.jpg,nv
nv/ISIC_0028789.jpg,nv
nv/ISIC_0028833.jpg,nv
nv/ISIC_0028838.jpg,nv
nv/ISIC_0028882.jpg,nv
nv/ISIC_0028884.jpg,nv
nv/ISIC_0028886.jpg,nv
nv/ISIC_0028889.jpg,nv
nv/ISIC_0028892.jpg,nv
nv/ISIC_0028922.jpg,nv
nv/ISIC_0028944.jpg,nv
nv/ISIC_0028981.jpg,nv
nv/ISIC_0029011.jpg,nv
nv/ISIC_0029074.jpg,nv
nv/ISIC_0029098.jpg,nv
nv/ISIC_0029110.jpg,nv
nv/ISIC_0029165.jpg,nv
nv/ISIC_0029171.jpg,nv
nv/ISIC_0029185.jpg,nv
nv/ISIC_0029189.jpg,nv
nv/ISIC_0029221.jpg,nv
nv/ISIC_0029224.jpg,nv
nv/ISIC_0029226.jpg,nv
nv/ISIC_0029231.jpg,bkl
nv/ISIC_0029256.jpg,nv
nv/ISIC_0029293.jpg,nv
nv/ISIC_0029310.jpg,nv
nv/ISIC_0029327.jpg,nv
nv/ISIC_0029336.jpg,nv
nv/ISIC_0029365.jpg,nv
nv/ISIC_0029369.jpg,nv
nv/ISIC_0029401.jpg,nv
nv/ISIC_0029446.jpg,nv
nv/ISIC_0029492.jpg,nv
nv/ISIC_0029509.jpg,nv
nv/ISIC_0029535.jpg,nv
nv/ISIC_0029536.jpg,nv
nv/ISIC_0029589.jpg,nv
nv/ISIC_0029592.jpg,nv
nv/ISIC_0029671.jpg,nv
nv/ISIC_0029693.jpg,nv
nv/ISIC_0029701.jpg,nv
nv/ISIC_0029718.jpg,nv
nv/ISIC_0029750.jpg,nv
nv/ISIC_0029772.jpg,nv
nv/ISIC_0029773.jpg,nv
nv/ISIC_0029795.jpg,nv
nv/ISIC_0029809.jpg,nv
nv/ISIC_0029832.jpg,nv
nv/ISIC_0029852.jpg,nv
nv/ISIC_0029867.jpg,nv
nv/ISIC_0029916.jpg,nv
nv/ISIC_0029922.jpg,nv
nv/ISIC_0029972.jpg,nv
nv/ISIC_0029981.jpg,nv
nv/ISIC_0029988.jpg,nv
nv/ISIC_0029997.jpg,nv
nv/ISIC_0030006.jpg,nv
nv/ISIC_0030017.jpg,nv
nv/ISIC_0030020.jpg,nv
nv/ISIC_0030022.jpg,nv
nv/ISIC_0030024.jpg,nv
nv/ISIC_0030052.jpg,nv
nv/ISIC_0030069.jpg,nv
nv/ISIC_0030087.jpg,nv
nv/ISIC_0030115.jpg,nv
nv/ISIC_0030128.jpg,nv
nv/ISIC_0030136.jpg,nv
nv/ISIC_0030144.jpg,nv
nv/ISIC_0030157.jpg,nv
nv/ISIC_0030159.jpg,nv
nv/ISIC_0030166.jpg,nv
nv/ISIC_0030179.jpg,nv
nv/ISIC_0030262.jpg,nv
nv/ISIC_0030269.jpg,nv
nv/ISIC_0030288.jpg,nv
nv/ISIC_0030298.jpg,nv
nv/ISIC_0030328.jpg,nv
nv/ISIC_0030337.jpg,nv
nv/ISIC_0030353.jpg,nv
nv/ISIC_0030357.jpg,nv
nv/ISIC_0030378.jpg,nv
nv/ISIC_0030392.jpg,nv
nv/ISIC_0030402.jpg,nv
nv/ISIC_0030413.jpg,nv
nv/ISIC_0030414.jpg,nv
nv/ISIC_0030421.jpg,nv
nv/ISIC_0030422.jpg,nv
nv/ISIC_0030428.jpg,nv
nv/ISIC_0030454.jpg,nv
nv/ISIC_0030457.jpg,nv
nv/ISIC_0030462.jpg,nv
nv/ISIC_0030464.jpg,nv
nv/ISIC_0030466.jpg,nv
nv/ISIC_0030492.jpg,nv
nv/ISIC_0030499.jpg,nv
nv/ISIC_0030547.jpg,nv
nv/ISIC_0030566.jpg,nv
nv/ISIC_0030571.jpg,nv
nv/ISIC_0030641.jpg,nv
nv/ISIC_0030647.jpg,nv
nv/ISIC_0030686.jpg,nv
nv/ISIC_0030688.jpg,nv
nv/ISIC_0030725.jpg,nv
nv/ISIC_0030729.jpg,nv
nv/ISIC_0030841.jpg,mel
nv/ISIC_0030858.jpg,nv
nv/ISIC_0030867.jpg,nv
nv/ISIC_0030875.jpg,nv
nv/ISIC_0030879.jpg,nv
nv/ISIC_0030908.jpg,nv
nv/ISIC_0030911.jpg,nv
nv/ISIC_0030913.jpg,nv
nv/ISIC_0030943.jpg,nv
nv/ISIC_0030952.jpg,nv
nv/ISIC_0030958.jpg,nv
nv/ISIC_0030968.jpg,nv
nv/ISIC_0030974.jpg,nv
nv/ISIC_0031121.jpg,nv
nv/ISIC_0031128.jpg,nv
nv/ISIC_0031141.jpg,nv
nv/ISIC_0031142.jpg,nv
nv/ISIC_0031147.jpg,nv
nv/ISIC_0031153.jpg,nv
nv/ISIC_0031161.jpg,nv
nv/ISIC_0031172.jpg,nv
nv/ISIC_0031222.jpg,nv
nv/ISIC_0031242.jpg,nv
nv/ISIC_0031342.jpg,nv
nv/ISIC_0031348.jpg,nv
nv/ISIC_0031382.jpg,nv
nv/ISIC_0031388.jpg,nv
nv/ISIC_0031467.jpg,nv
nv/ISIC_0031523.jpg,nv
nv/ISIC_0031535.jpg,nv
nv/ISIC_0031567.jpg,nv
nv/ISIC_0031581.jpg,nv
nv/ISIC_0031589.jpg,nv
nv/ISIC_0031625.jpg,nv
nv/ISIC_0031632.jpg,nv
nv/ISIC_0031669.jpg,nv
nv/ISIC_0031675.jpg,nv
nv/ISIC_0031695.jpg,nv
nv/ISIC_0031736.jpg,nv
nv/ISIC_0031755.jpg,nv
nv/ISIC_0031771.jpg,nv
nv/ISIC_0031772.jpg,nv
nv/ISIC_0031801.jpg,nv
nv/ISIC_0031811.jpg,nv
nv/ISIC_0031828.jpg,nv
nv/ISIC_0031837.jpg,nv
nv/ISIC_0031841.jpg,nv
nv/ISIC_0031864.jpg,nv
nv/ISIC_0031879.jpg,nv
nv/ISIC_0031883.jpg,nv
nv/ISIC_0031899.jpg,nv
nv/ISIC_0031904.jpg,nv
nv/ISIC_0031921.jpg,nv
nv/ISIC_0031968.jpg,nv
nv/ISIC_0031984.jpg,nv
nv/ISIC_0031995.jpg,nv
nv/ISIC_0032060.jpg,nv
nv/ISIC_0032082.jpg,nv
nv/ISIC_0032091.jpg,nv
nv/ISIC_0032118.jpg,nv
nv/ISIC_0032122.jpg,nv
nv/ISIC_0032136.jpg,nv
nv/ISIC_0032150.jpg,nv
nv/ISIC_0032166.jpg,nv
nv/ISIC_0032171.jpg,nv
nv/ISIC_0032201.jpg,nv
nv/ISIC_0032281.jpg,nv
nv/ISIC_0032289.jpg,nv
nv/ISIC_0032321.jpg,nv
nv/ISIC_0032322.jpg,nv
nv/ISIC_0032345.jpg,nv
nv/ISIC_0032352.jpg,nv
nv/ISIC_0032387.jpg,nv
nv/ISIC_0032402.jpg,nv
nv/ISIC_0032431.jpg,nv
nv/ISIC_0032434.jpg,nv
nv/ISIC_0032493.jpg,nv
nv/ISIC_0032500.jpg,nv
nv/ISIC_0032506.jpg,nv
nv/ISIC_0032523.jpg,nv
nv/ISIC_0032543.jpg,nv
nv/ISIC_0032560.jpg,nv
nv/ISIC_0032561.jpg,nv
nv/ISIC_0032647.jpg,nv
nv/ISIC_0032661.jpg,nv
nv/ISIC_0032712.jpg,mel
nv/ISIC_0032738.jpg,nv
nv/ISIC_0032739.jpg,nv
nv/ISIC_0032761.jpg,nv
nv/ISIC_0032767.jpg,nv
nv/ISIC_0032798.jpg,nv
nv/ISIC_0032813.jpg,nv
nv/ISIC_0032814.jpg,nv
nv/ISIC_0032908.jpg,nv
nv/ISIC_0032911.jpg,nv
nv/ISIC_0032944.jpg,nv
nv/ISIC_0032961.jpg,nv
nv/ISIC_0033030.jpg,nv
nv/ISIC_0033035.jpg,nv
nv/ISIC_0033065.jpg,nv
nv/ISIC_0033096.jpg,nv
nv/ISIC_0033107.jpg,nv
nv/ISIC_0033126.jpg,nv
nv/ISIC_0033170.jpg,nv
nv/ISIC_0033207.jpg,nv
nv/ISIC_0033213.jpg,nv
nv/ISIC_0033250.jpg,nv
nv/ISIC_0033309.jpg,nv
nv/ISIC_0033311.jpg,nv
nv/ISIC_0033316.jpg,nv
nv/ISIC_0033356.jpg,nv
nv/ISIC_0033417.jpg,nv
nv/ISIC_0033535.jpg,nv
nv/ISIC_0033548.jpg,nv
nv/ISIC_0033566.jpg,nv
nv/ISIC_0033590.jpg,nv
nv/ISIC_0033622.jpg,nv
nv/ISIC_0033667.jpg,nv
nv/ISIC_0033771.jpg,nv
nv/ISIC_0033772.jpg,nv
nv/ISIC_0033797.jpg,nv
nv/ISIC_0033803.jpg,nv
nv/ISIC_0033835.jpg,nv
nv/ISIC_0033895.jpg,nv
nv/ISIC_0033896.jpg,nv
nv/ISIC_0033970.jpg,nv
nv/ISIC_0033972.jpg,bkl
nv/ISIC_0033974.jpg,nv
nv/ISIC_0033976.jpg,nv
nv/ISIC_0033996.jpg,nv
nv/ISIC_0034073.jpg,nv
nv/ISIC_0034077.jpg,nv
nv/ISIC_0034096.jpg,nv
nv/ISIC_0034128.jpg,nv
nv/ISIC_0034130.jpg,nv
nv/ISIC_0034131.jpg,nv
nv/ISIC_0034138.jpg,nv
nv/ISIC_0034187.jpg,nv
nv/ISIC_0034240.jpg,nv
nv/ISIC_0034260.jpg,nv
nv/ISIC_0034309.jpg,nv
vasc/ISIC_0024662.jpg,vasc
vasc/ISIC_0024669.jpg,vasc
vasc/ISIC_0025452.jpg,vasc
vasc/ISIC_0025596.jpg,vasc
vasc/ISIC_0025680.jpg,vasc
vasc/ISIC_0027790.jpg,vasc
vasc/ISIC_0029608.jpg,vasc
vasc/ISIC_0030606.jpg,vasc
vasc/ISIC_0031103.jpg,vasc
vasc/ISIC_0032692.jpg,vasc
akiec/ISIC_0024843.jpg,akiec
akiec/ISIC_0025953.jpg,akiec
akiec/ISIC_0026492.jpg,akiec
akiec/ISIC_0029860.jpg,akiec
akiec/ISIC_0031043.jpg,akiec
bcc/ISIC_0024595.jpg,bcc
bcc/ISIC_0027774.jpg,bcc
bcc/ISIC_0029917.jpg,bcc
bcc/ISIC_0031062.jpg,bcc
bcc/ISIC_0031243.jpg,bcc
bcc/ISIC_0031569.jpg,bcc
bcc/ISIC_0032906.jpg,bcc
bcc/ISIC_0034299.jpg,bcc
bkl/ISIC_0024592.jpg,bkl
bkl/ISIC_0024773.jpg,bkl
bkl/ISIC_0025286.jpg,bkl
bkl/ISIC_0026290.jpg,bkl
bkl/ISIC_0026511.jpg,bkl
bkl/ISIC_0026717.jpg,bkl
bkl/ISIC_0026955.jpg,bkl
bkl/ISIC_0029802.jpg,bkl
bkl/ISIC_0030095.jpg,bkl
bkl/ISIC_0031050.jpg,bkl
bkl/ISIC_0031130.jpg,bkl
bkl/ISIC_0031138.jpg,bkl
bkl/ISIC_0031362.jpg,bkl
bkl/ISIC_0032103.jpg,bkl
bkl/ISIC_0032330.jpg,bkl
bkl/ISIC_0033507.jpg,bkl
bkl/ISIC_0033750.jpg,bkl
bkl/ISIC_0033776.jpg,bkl
df/ISIC_0030830.jpg,df
df/ISIC_0031443.jpg,df
mel/ISIC_0025303.jpg,mel
mel/ISIC_0025592.jpg,mel
mel/ISIC_0025891.jpg,mel
mel/ISIC_0027350.jpg,mel
mel/ISIC_0028065.jpg,nv
mel/ISIC_0028219.jpg,nv
mel/ISIC_0028897.jpg,mel
mel/ISIC_0029574.jpg,mel
mel/ISIC_0030521.jpg,bkl
mel/ISIC_0030759.jpg,mel
mel/ISIC_0032017.jpg,mel
mel/ISIC_0032596.jpg,mel
mel/ISIC_0033061.jpg,mel
mel/ISIC_0033081.jpg,mel
mel/ISIC_0033333.jpg,mel
mel/ISIC_0033638.jpg,mel
mel/ISIC_0033962.jpg,mel
mel/ISIC_0033980.jpg,mel
nv/ISIC_0024307.jpg,nv
nv/ISIC_0024447.jpg,nv
nv/ISIC_0024542.jpg,nv
nv/ISIC_0024551.jpg,nv
nv/ISIC_0024563.jpg,nv
nv/ISIC_0024570.jpg,nv
nv/ISIC_0024682.jpg,nv
nv/ISIC_0024745.jpg,nv
nv/ISIC_0024785.jpg,nv
nv/ISIC_0024788.jpg,nv
nv/ISIC_0024876.jpg,nv
nv/ISIC_0024969.jpg,nv
nv/ISIC_0025100.jpg,nv
nv/ISIC_0025245.jpg,nv
nv/ISIC_0025280.jpg,nv
nv/ISIC_0025357.jpg,nv
nv/ISIC_0025418.jpg,nv
nv/ISIC_0025423.jpg,nv
nv/ISIC_0025447.jpg,nv
nv/ISIC_0025492.jpg,nv
nv/ISIC_0025684.jpg,nv
nv/ISIC_0025714.jpg,nv
nv/ISIC_0025860.jpg,nv
nv/ISIC_0025875.jpg,nv
nv/ISIC_0026013.jpg,nv
nv/ISIC_0026305.jpg,nv
nv/ISIC_0026310.jpg,nv
nv/ISIC_0026346.jpg,nv
nv/ISIC_0026397.jpg,nv
nv/ISIC_0026399.jpg,nv
nv/ISIC_0026540.jpg,nv
nv/ISIC_0026602.jpg,nv
nv/ISIC_0026747.jpg,nv
nv/ISIC_0026752.jpg,nv
nv/ISIC_0026975.jpg,nv
nv/ISIC_0027157.jpg,nv
nv/ISIC_0027183.jpg,nv
nv/ISIC_0027379.jpg,nv
nv/ISIC_0027448.jpg,nv
nv/ISIC_0027469.jpg,nv
nv/ISIC_0027628.jpg,nv
nv/ISIC_0027740.jpg,nv
nv/ISIC_0027755.jpg,nv
nv/ISIC_0027962.jpg,nv
nv/ISIC_0028193.jpg,nv
nv/ISIC_0028515.jpg,nv
nv/ISIC_0028529.jpg,nv
nv/ISIC_0028534.jpg,nv
nv/ISIC_0028648.jpg,nv
nv/ISIC_0028663.jpg,nv
nv/ISIC_0029095.jpg,nv
nv/ISIC_0029182.jpg,nv
nv/ISIC_0029465.jpg,nv
nv/ISIC_0029729.jpg,nv
nv/ISIC_0029758.jpg,nv
nv/ISIC_0029826.jpg,nv
nv/ISIC_0030044.jpg,nv
nv/ISIC_0030097.jpg,nv
nv/ISIC_0030286.jpg,nv
nv/ISIC_0030302.jpg,nv
nv/ISIC_0030342.jpg,nv
nv/ISIC_0030354.jpg,nv
nv/ISIC_0030379.jpg,nv
nv/ISIC_0030425.jpg,nv
nv/ISIC_0030437.jpg,nv
nv/ISIC_0030726.jpg,nv
nv/ISIC_0030788.jpg,nv
nv/ISIC_0030811.jpg,nv
nv/ISIC_0030924.jpg,nv
nv/ISIC_0030933.jpg,nv
nv/ISIC_0031006.jpg,nv
nv/ISIC_0031111.jpg,nv
nv/ISIC_0031299.jpg,nv
nv/ISIC_0031398.jpg,nv
nv/ISIC_0031549.jpg,nv
nv/ISIC_0031596.jpg,nv
nv/ISIC_0031656.jpg,nv
nv/ISIC_0031710.jpg,nv
nv/ISIC_0031767.jpg,nv
nv/ISIC_0031966.jpg,nv
nv/ISIC_0032011.jpg,nv
nv/ISIC_0032117.jpg,nv
nv/ISIC_0032261.jpg,nv
nv/ISIC_0032405.jpg,nv
nv/ISIC_0032549.jpg,nv
nv/ISIC_0032700.jpg,nv
nv/ISIC_0032720.jpg,nv
nv/ISIC_0032765.jpg,bkl
nv/ISIC_0032771.jpg,nv
nv/ISIC_0032803.jpg,nv
nv/ISIC_0032865.jpg,nv
nv/ISIC_0032874.jpg,nv
nv/ISIC_0032909.jpg,nv
nv/ISIC_0032952.jpg,nv
nv/ISIC_0033018.jpg,nv
nv/ISIC_0033149.jpg,nv
nv/ISIC_0033318.jpg,nv
nv/ISIC_0033360.jpg,nv
nv/ISIC_0033433.jpg,nv
nv/ISIC_0033906.jpg,nv
nv/ISIC_0033922.jpg,nv
nv/ISIC_0034060.jpg,nv
nv/ISIC_0034078.jpg,nv
nv/ISIC_0034086.jpg,nv
nv/ISIC_0034149.jpg,nv
nv/ISIC_0034176.jpg,nv
nv/ISIC_0034182.jpg,nv
nv/ISIC_0034282.jpg,nv
vasc/ISIC_0026693.jpg,vasc
vasc/ISIC_0032409.jpg,vasc
